x,y_actual,y_predicted
0.15,3.5,3.50313
0.1,2.6,2.62172
0.05,1.8,1.74032
0.025,1.3,1.29962
0.01,1,1.0352
